"city","population"
"Alcinópolis","5343"
"Amambai","39396"
"Bataguassu","23024"
"Batayporã","11329"
"Bela Vista","24629"
"Bonito","21976"
"Brasilândia","11872"
"Campo Grande","895982"
"Chapadão do Sul","25218"
"Corumbá","111435"
"Coxim","33543"
"Dourados","222949"
"Guia Lopes da Laguna","9895"
"Jardim","26097"
"Ladário","23331"
"Miranda","28013"
"Mundo Novo","18366"
"Naviraí","54878"
"Nova Andradina","54374"
"Paraíso das Águas","5555"
"Paranaíba","42148"
"Ponta Porã","92526"
"Ribas do Rio Pardo","24615"
"Rio Verde de Mato Grosso","19746"
"São Gabriel do Oeste","26771"
"Selvíria","6529"
"Sidrolândia","57665"
"Sonora","19274"
"Três Lagoas","121388"
"Vicentina","6102"
"Acorizal","5399"
"Água Boa","25721"
"Alta Floresta","51782"
"Aripuanã","22354"
"Barra do Garças","61012"
"Cáceres","94376"
"Campo Novo do Parecis","35360"
"Canarana","21579"
"Chapada dos Guimarães","19752"
"Confresa","30933"
"Conquista D'Oeste","4038"
"Cotriguaçu","19750"
"Cuiabá","612547"
"Curvelândia","5219"
"Ipiranga do Norte","7667"
"Jaciara","27776"
"Jangada","8409"
"Lambari D'Oeste","6121"
"Lucas do Rio Verde","65534"
"Vila Bela da Santíssima Trindade","16128"
"Mirassol d'Oeste","27739"
"Nova Lacerda","6640"
"Nova Mutum","45378"
"Peixoto de Azevedo","34976"
"Poconé","32843"
"Pontal do Araguaia","6711"
"Ponte Branca","1576"
"Pontes e Lacerda","45436"
"Poxoréu","16219"
"Primavera do Leste","62019"
"Querência","17479"
"São José dos Quatro Marcos","18906"
"Rio Branco","5156"
"São Pedro da Cipa","4727"
"Rondonópolis","232491"
"Rosário Oeste","17151"
"Santo Antônio do Leverger","16628"
"Sinop","142996"
"Sorriso","90313"
"Tangará da Serra","103750"
"Tapurah","13705"
"União do Sul","3525"
"Vale de São Domingos","3127"
"Várzea Grande","284971"
"Nova Monte Verde","9178"
"Águas Lindas de Goiás","212440"
"Alexânia","27653"
"Aloândia","1995"
"Anápolis","386923"
"Anhanguera","1149"
"Aparecida de Goiânia","578179"
"Aragarças","20118"
"Aragoiânia","10308"
"Barro Alto","11167"
"Bela Vista de Goiás","29975"
"Bom Jesus de Goiás","25216"
"Britânia","5779"
"Caldas Novas","91162"
"Campestre de Goiás","3630"
"Campinorte","12626"
"Campo Alegre de Goiás","7589"
"Campos Belos","19887"
"Carmo do Rio Verde","10082"
"Catalão","108823"
"Caturaí","5070"
"Ceres","22191"
"Cidade Ocidental","71376"
"Colinas do Sul","3382"
"Corumbaíba","9723"
"Cristalina","58997"
"Faina","6627"
"Formosa","121617"
"Goiandira","5600"
"Goianésia","70084"
"Goiânia","1516113"
"Goianira","44289"
"Goiatuba","34095"
"Guapó","14209"
"Inhumas","52866"
"Ipameri","26985"
"Iporá","31531"
"Itaguaru","5237"
"Itumbiara","104742"
"Jaraguá","50511"
"Jataí","100882"
"Jesúpolis","2490"
"Luziânia","208299"
"Mara Rosa","9503"
"Minaçu","29070"
"Mineiros","66801"
"Montividiu","13396"
"Morrinhos","46136"
"Nerópolis","29850"
"Niquelândia","46388"
"Nova Glória","8164"
"Nova Veneza","9853"
"Novo Gama","115711"
"Padre Bernardo","33835"
"Palmeiras de Goiás","28858"
"Palminópolis","3585"
"Paranaiguara","10057"
"Paraúna","10988"
"Piracanjuba","24524"
"Pires do Rio","31458"
"Planaltina","89918"
"Porangatu","45394"
"Professor Jamil","3223"
"Rialma","10918"
"Rio Verde","235647"
"Santa Fé de Goiás","5459"
"Santo Antônio de Goiás","6283"
"Santo Antônio do Descoberto","74744"
"São Luís de Montes Belos","33817"
"Senador Canedo","115371"
"Trindade","127599"
"Uruaçu","40532"
"Valparaíso de Goiás","168468"
"Vianópolis","13863"
"Brasília","3015268"
"Açailândia","112445"
"Água Doce do Maranhão","12571"
"Alcântara","22097"
"Aldeias Altas","26532"
"Altamira do Maranhão","8128"
"Alto Alegre do Maranhão","27053"
"Alto Alegre do Pindaré","31919"
"Amapá do Maranhão","6962"
"Amarante do Maranhão","41435"
"Anajatuba","26803"
"Anapurus","15732"
"Apicum-Açu","17239"
"Araguanã","15426"
"Araioses","46440"
"Arame","32701"
"Arari","29848"
"Axixá","12130"
"Bacabal","104949"
"Bacabeira","17055"
"Balsas","94887"
"Barão de Grajaú","18820"
"Barra do Corda","88212"
"Barreirinhas","62528"
"Belágua","7469"
"Bela Vista do Maranhão","11209"
"Bequimão","21280"
"Boa Vista do Gurupi","9287"
"Bom Jardim","41630"
"Bom Jesus das Selvas","34028"
"Bom Lugar","16294"
"Brejo","36397"
"Buriti","28678"
"Buriti Bravo","23884"
"Buriticupu","72358"
"Buritirana","15430"
"Cachoeira Grande","9431"
"Cajapió","11177"
"Cajari","19379"
"Cândido Mendes","20178"
"Cantanhede","21995"
"Capinzal do Norte","10934"
"Carutapera","23807"
"Caxias","164880"
"Cedral","10675"
"Centro do Guilherme","13458"
"Centro Novo do Maranhão","21622"
"Chapadinha","79675"
"Cidelândia","14697"
"Codó","122859"
"Coelho Neto","49435"
"Colinas","41178"
"Conceição do Lago-Açu","16237"
"Coroatá","65296"
"Cururupu","32695"
"Davinópolis","12908"
"Dom Pedro","23350"
"Duque Bacelar","11349"
"Esperantinópolis","17241"
"Estreito","41946"
"Fernando Falcão","10360"
"Fortaleza dos Nogueiras","12631"
"Governador Edison Lobão","18296"
"Governador Newton Bello","10180"
"Governador Nunes Freire","25577"
"Grajaú","69527"
"Guimarães","12030"
"Humberto de Campos","28717"
"Icatu","27113"
"Igarapé do Meio","14177"
"Imperatriz","258682"
"Itapecuru Mirim","68203"
"Itinga do Maranhão","26000"
"João Lisboa","23632"
"Joselândia","16168"
"Junco do Maranhão","3432"
"Lago da Pedra","50266"
"Lago dos Rodrigues","8873"
"Lima Campos","11893"
"Luís Domingues","6951"
"Magalhães de Almeida","19826"
"Maracaçumé","21395"
"Maranhãozinho","16265"
"Mata Roma","16829"
"Matinha","23370"
"Milagres do Maranhão","8464"
"Mirador","21015"
"Miranda do Norte","28381"
"Mirinzal","14962"
"Monção","33434"
"Montes Altos","9160"
"Morros","19433"
"Nova Olinda do Maranhão","20928"
"Olho d'Água das Cunhãs","19505"
"Olinda Nova do Maranhão","14701"
"Paço do Lumiar","122197"
"Palmeirândia","19722"
"Paraibano","21386"
"Paulino Neves","16035"
"Paulo Ramos","21040"
"Pedreiras","39229"
"Pedro do Rosário","25144"
"Penalva","38470"
"Peri Mirim","14318"
"Peritoró","23196"
"Pindaré-Mirim","32941"
"Pinheiro","83387"
"Pio XII","21485"
"Pirapemas","18625"
"Porto Franco","23885"
"Porto Rico do Maranhão","5975"
"Presidente Dutra","47804"
"Presidente Juscelino","12734"
"Presidente Médici","7015"
"Presidente Sarney","18918"
"Presidente Vargas","11193"
"Raposa","30761"
"Riachão","20195"
"Ribamar Fiquene","7791"
"Rosário","42740"
"Santa Helena","42130"
"Santa Inês","89044"
"Santa Luzia","72667"
"Santa Luzia do Paruá","25254"
"Santa Quitéria do Maranhão","25642"
"Santa Rita","37855"
"Santana do Maranhão","13386"
"Santo Antônio dos Lopes","14528"
"São Benedito do Rio Preto","18663"
"São Bento","45211"
"São Bernardo","28507"
"São Domingos do Maranhão","34376"
"São João Batista","20665"
"São João do Carú","15808"
"São João dos Patos","25929"
"São José de Ribamar","177687"
"São Luís","1101884"
"São Luís Gonzaga do Maranhão","18856"
"São Mateus do Maranhão","41529"
"São Pedro da Água Branca","12690"
"São Pedro dos Crentes","4668"
"São Vicente Ferrer","22247"
"Satubinha","13914"
"Senador Alexandre Costa","11141"
"Senador La Rocque","14293"
"Serrano do Maranhão","10253"
"Sítio Novo","18081"
"Timbiras","29124"
"Timon","169107"
"Trizidela do Vale","21998"
"Tuntum","41832"
"Turiaçu","35604"
"Turilândia","25619"
"Tutóia","58860"
"Urbano Santos","33122"
"Vargem Grande","56510"
"Viana","52441"
"Vila Nova dos Martírios","13392"
"Vitória do Mearim","32764"
"Vitorino Freire","31523"
"Zé Doca","51714"
"Água Branca","17411"
"Altos","40524"
"Alvorada do Gurguéia","5419"
"Amarante","17598"
"Angical do Piauí","6788"
"Anísio de Abreu","9880"
"Aroazes","5835"
"Baixa Grande do Ribeiro","11586"
"Barras","47066"
"Batalha","26857"
"Beneditinos","10467"
"Bertolínia","5501"
"Betânia do Piauí","6205"
"Boa Hora","6781"
"Bom Jesus","25179"
"Bom Princípio do Piauí","5630"
"Bonfim do Piauí","5670"
"Buriti dos Lopes","19781"
"Campo Maior","46833"
"Canto do Buriti","21187"
"Caracol","10916"
"Castelo do Piauí","19716"
"Cocal","27787"
"Cocal de Telha","4891"
"Cocal dos Alves","6153"
"Coivaras","4020"
"Colônia do Gurguéia","6484"
"Colônia do Piauí","7656"
"Demerval Lobão","13817"
"Elesbão Veloso","14602"
"Esperantina","39737"
"Fartura do Piauí","5307"
"Floriano","59935"
"Francinópolis","5348"
"Francisco Ayres","4348"
"Francisco Santos","9319"
"Fronteiras","11625"
"Ilha Grande","9426"
"Inhuma","15308"
"Ipiranga do Piauí","9811"
"Itaueira","11019"
"José de Freitas","39208"
"Júlio Borges","5627"
"Lagoa do Barro do Piauí","4655"
"Luís Correia","30311"
"Luzilândia","25486"
"Manoel Emídio","5349"
"Marcolândia","8492"
"Marcos Parente","4549"
"Miguel Alves","33760"
"Monsenhor Gil","10564"
"Monsenhor Hipólito","7749"
"Morro Cabeça no Tempo","4532"
"Morro do Chapéu do Piauí","6796"
"Nazária","8570"
"Oeiras","37029"
"Palmeirais","14539"
"Parnaíba","153078"
"Pedro II","38742"
"Picos","78222"
"Pimenteiras","12127"
"Pio IX","18425"
"Piracuruca","28791"
"Piripiri","63742"
"Porto","12568"
"Queimada Nova","8992"
"Redenção do Gurguéia","8778"
"Regeneração","17978"
"Ribeira do Piauí","4477"
"Rio Grande do Piauí","6432"
"Santa Luz","5860"
"São Francisco do Piauí","6423"
"São Gonçalo do Piauí","5015"
"São João do Piauí","20601"
"São José do Divino","5346"
"São José do Peixe","3745"
"São José do Piauí","6705"
"São Julião","6363"
"São Lourenço do Piauí","4573"
"São Luis do Piauí","2644"
"São Miguel da Baixa Grande","2452"
"São Pedro do Piauí","14291"
"São Raimundo Nonato","34710"
"Simplício Mendes","12711"
"Teresina","864845"
"União","44485"
"Uruçuí","21558"
"Valença do Piauí","20918"
"Várzea Grande","4391"
"Vila Nova do Piauí","2971"
"Abaiara","11737"
"Acarape","14929"
"Acaraú","62641"
"Acopiara","54270"
"Aiuaba","17399"
"Alcântaras","11714"
"Alto Santo","17146"
"Amontada","43452"
"Antonina do Norte","7353"
"Apuiarés","14600"
"Aquiraz","80271"
"Aracati","74547"
"Aracoiaba","26469"
"Ararendá","10935"
"Araripe","21600"
"Aratuba","11847"
"Arneiroz","7840"
"Assaré","23417"
"Aurora","24654"
"Banabuiú","18197"
"Barbalha","60781"
"Barreira","22425"
"Barro","22680"
"Barroquinha","15017"
"Baturité","35750"
"Beberibe","53573"
"Bela Cruz","32591"
"Boa Viagem","54470"
"Brejo Santo","49477"
"Camocim","63661"
"Campos Sales","27426"
"Canindé","76997"
"Capistrano","17738"
"Caridade","22547"
"Cariré","18448"
"Caririaçu","26965"
"Cariús","18699"
"Carnaubal","17606"
"Cascavel","71743"
"Catarina","20698"
"Catunda","10342"
"Caucaia","361400"
"Cedro","25557"
"Chaval","13069"
"Choró","13521"
"Chorozinho","20264"
"Coreaú","23136"
"Crateús","75074"
"Crato","132123"
"Croatá","18063"
"Cruz","24827"
"Deputado Irapuan Pinheiro","9625"
"Ererê","7198"
"Eusébio","53618"
"Farias Brito","19450"
"Forquilha","24218"
"Fortaleza","2669342"
"Fortim","16480"
"Frecheirinha","14072"
"General Sampaio","7618"
"Graça","14399"
"Granja","54748"
"Groaíras","11068"
"Guaiúba","26064"
"Guaraciaba do Norte","40642"
"Guaramiranga","5193"
"Hidrolândia","19978"
"Horizonte","67337"
"Ibaretama","13353"
"Ibiapina","24997"
"Ibicuitinga","12525"
"Icapuí","19934"
"Icó","68018"
"Iguatu","102498"
"Independência","26178"
"Ipaporanga","11593"
"Ipaumirim","12463"
"Ipu","41964"
"Ipueiras","38166"
"Iracema","14297"
"Irauçuba","24156"
"Itaiçaba","7827"
"Itaitinga","37980"
"Itapajé","52675"
"Itapipoca","129358"
"Itapiúna","20382"
"Itarema","41826"
"Itatira","21647"
"Jaguaretama","18162"
"Jaguaribara","11401"
"Jaguaribe","34682"
"Jaguaruana","33705"
"Jardim","27174"
"Jijoca de Jericoacoara","19816"
"Juazeiro do Norte","274207"
"Jucás","24833"
"Lavras da Mangabeira","31508"
"Limoeiro do Norte","59540"
"Madalena","19691"
"Maracanaú","227886"
"Maranguape","128978"
"Marco","27361"
"Martinópole","11233"
"Massapê","38737"
"Mauriti","47962"
"Meruoca","15057"
"Milagres","27512"
"Milhã","13155"
"Miraíma","13818"
"Missão Velha","35393"
"Mombaça","43797"
"Monsenhor Tabosa","17234"
"Morada Nova","61890"
"Moraújo","8724"
"Morrinhos","22534"
"Mucambo","14537"
"Mulungu","10823"
"Nova Olinda","15565"
"Nova Russas","32328"
"Novo Oriente","28607"
"Ocara","25703"
"Orós","21427"
"Pacajus","72203"
"Pacatuba","83432"
"Pacoti","12261"
"Palhano","9386"
"Palmácia","13322"
"Paracuru","35076"
"Paraipaba","32744"
"Parambu","31521"
"Paramoti","12226"
"Pedra Branca","43258"
"Pentecoste","37751"
"Pereiro","16307"
"Pindoretama","20567"
"Pires Ferreira","10951"
"Poranga","12336"
"Porteiras","14996"
"Potengi","11045"
"Potiretama","6419"
"Quiterianópolis","21084"
"Quixadá","87728"
"Quixelô","16178"
"Quixeramobim","81082"
"Quixeré","22149"
"Redenção","29053"
"Reriutaba","18491"
"Russas","78194"
"Salitre","16554"
"Santana do Acaraú","32452"
"Santana do Cariri","17700"
"Santa Quitéria","43703"
"São Benedito","47903"
"São Gonçalo do Amarante","48422"
"São João do Jaguaribe","7645"
"São Luís do Curu","13000"
"Senador Pompeu","25496"
"Senador Sá","7623"
"Sobral","208935"
"Solonópole","18324"
"Tabuleiro do Norte","30697"
"Tamboril","26251"
"Tauá","58859"
"Tejuçuoca","19187"
"Tianguá","75946"
"Trairi","55918"
"Tururu","16271"
"Ubajara","34792"
"Umirim","19825"
"Uruburetama","21850"
"Uruoca","13840"
"Varjota","18420"
"Várzea Alegre","40721"
"Viçosa do Ceará","60889"
"Acari","11136"
"Açu","58017"
"Afonso Bezerra","11035"
"Alexandria","13577"
"Alto do Rodrigues","14529"
"Antônio Martins","7145"
"Apodi","35845"
"Areia Branca","27774"
"Arês","14306"
"Augusto Severo (Campo Grande)","9655"
"Baía Formosa","9271"
"Baraúna","28374"
"Barcelona","3998"
"Bento Fernandes","5497"
"Brejinho","12699"
"Caicó","67952"
"Campo Redondo","11217"
"Canguaretama","34276"
"Caraúbas","20493"
"Carnaúba dos Dantas","8180"
"Carnaubais","10759"
"Ceará-Mirim","73497"
"Cerro Corá","11179"
"Coronel João Pessoa","4912"
"Currais Novos","44786"
"Parnamirim","261469"
"Encanto","5638"
"Extremoz","28583"
"Felipe Guerra","5985"
"Fernando Pedroza","3054"
"Goianinha","26328"
"Grossos","10383"
"Guamaré","15659"
"Ipanguaçu","15491"
"Itajá","7548"
"Jaçanã","9133"
"Januário Cicco (Boa Saúde)","10181"
"João Câmara","34955"
"Lagoa de Pedras","7544"
"Lagoa Salgada","8245"
"Lajes","11277"
"Lajes Pintadas","4759"
"Luís Gomes","10116"
"Macaíba","80792"
"Macau","31814"
"Maxaranguape","12371"
"Monte Alegre","22451"
"Mossoró","297378"
"Natal","884122"
"Nísia Floresta","27602"
"Nova Cruz","37343"
"Ouro Branco","4812"
"Paraú","3768"
"Passa e Fica","13277"
"Santa Maria","5551"
"Pau dos Ferros","30394"
"Pedra Grande","3237"
"Pedro Velho","14806"
"Pendências","15129"
"Pilões","3838"
"Poço Branco","15413"
"Portalegre","7867"
"Porto do Mangue","6437"
"Riacho da Cruz","3579"
"Riachuelo","8128"
"Tibau","4106"
"Santa Cruz","39674"
"Santana do Matos","12791"
"Santo Antônio","24136"
"São Gonçalo do Amarante","102400"
"São José de Mipibu","43899"
"São Miguel","23519"
"São Paulo do Potengi","17579"
"São Pedro","5971"
"São Rafael","8202"
"São Tomé","11055"
"São Vicente","6424"
"Senador Elói de Souza","6086"
"Senador Georgino Avelino","4440"
"Serra de São Bento","5762"
"Serra do Mel","11938"
"Serra Negra do Norte","8078"
"Taboleiro Grande","2566"
"Taipu","12279"
"Tenente Ananias","10786"
"Touros","33287"
"Upanema","14659"
"Alagoa Grande","28496"
"Alagoa Nova","20849"
"Alagoinha","14489"
"Alhandra","19588"
"São João do Rio do Peixe","18034"
"Araçagi","16987"
"Areia","22819"
"Aroeiras","19153"
"Baía da Traição","8993"
"Bananeiras","21318"
"Barra de Santana","8359"
"Barra de São Miguel","6036"
"Bayeux","96880"
"Bom Jesus","2561"
"Boqueirão","17804"
"Igaracy","6117"
"Borborema","5263"
"Brejo do Cruz","14122"
"Caaporã","21828"
"Cabedelo","67736"
"Caiçara","7201"
"Cajazeiras","61993"
"Cajazeirinhas","3193"
"Campina Grande","409731"
"Capim","6523"
"Casserengue","7468"
"Catingueira","4932"
"Condado","6654"
"Conde","24670"
"Congo","4786"
"Coremas","15445"
"Coxixola","1921"
"Cruz do Espírito Santo","17319"
"Cuitegi","6803"
"Cuité de Mamanguape","6353"
"Duas Estradas","3596"
"Esperança","33007"
"Gado Bravo","8316"
"Guarabira","58833"
"Gurinhém","14129"
"Imaculada","11819"
"Ingá","18103"
"Itabaiana","24477"
"Itaporanga","24692"
"Itapororoca","18664"
"João Pessoa","809015"
"Juarez Távora","7936"
"Juazeirinho","18171"
"Junco do Seridó","7150"
"Juripiranga","10756"
"Lagoa de Dentro","7719"
"Lagoa Seca","27503"
"Lucena","13080"
"Malta","5759"
"Mamanguape","44882"
"Mari","21837"
"Marizópolis","6617"
"Massaranduba","13918"
"Mataraca","8434"
"Matinhas","4500"
"Maturéia","6569"
"Monteiro","33222"
"Mulungu","9902"
"Natuba","10454"
"Nova Floresta","10638"
"Patos","107605"
"Pedras de Fogo","28458"
"Piancó","16075"
"Pilar","11917"
"Pilões","6635"
"Pilõezinhos","4976"
"Pirpirituba","10579"
"Pitimbu","19065"
"Pocinhos","18564"
"Pombal","32801"
"Princesa Isabel","23345"
"Puxinanã","13680"
"Queimadas","43967"
"Remígio","19621"
"Riachão do Bacamarte","4521"
"Riachão do Poço","4509"
"Riacho dos Cavalos","8526"
"Rio Tinto","24176"
"Santa Helena","5889"
"Santa Luzia","15382"
"Joca Claudino","2636"
"Santa Rita","136586"
"Santa Teresinha","4573"
"São Bento","34031"
"São José de Espinharas","4682"
"São José dos Ramos","5957"
"São José de Piranhas","20251"
"São José do Bonfim","3557"
"São José do Sabugi","4141"
"São Miguel de Taipu","7368"
"São Sebastião de Lagoa de Roça","11661"
"Sapé","52625"
"Serra Branca","13699"
"Serra da Raiz","3148"
"Serra Redonda","7041"
"Sertãozinho","5024"
"Sobrado","7783"
"Soledade","14989"
"Sousa","69444"
"Tacima","10911"
"Taperoá","15376"
"Teixeira","15161"
"Uiraúna","15242"
"Umbuzeiro","9907"
"Abreu e Lima","99990"
"Afogados da Ingazeira","37259"
"Afrânio","19635"
"Agrestina","24885"
"Água Preta","36771"
"Águas Belas","43443"
"Alagoinha","14636"
"Aliança","38386"
"Altinho","22972"
"Amaraji","22829"
"Araçoiaba","20524"
"Araripina","84418"
"Arcoverde","74338"
"Barra de Guabiraba","14385"
"Barreiros","42659"
"Belo Jardim","76439"
"Betânia","12719"
"Bezerros","60798"
"Bodocó","38146"
"Bom Conselho","48554"
"Bom Jardim","39184"
"Bonito","38134"
"Brejo da Madre de Deus","50742"
"Buenos Aires","13155"
"Buíque","58378"
"Cabo de Santo Agostinho","207048"
"Cabrobó","34221"
"Cachoeirinha","20380"
"Caetés","28739"
"Camaragibe","157828"
"Camocim de São Félix","18765"
"Camutanga","8551"
"Canhotinho","24804"
"Capoeiras","20048"
"Carnaíba","19551"
"Carnaubeira da Penha","12932"
"Carpina","83641"
"Caruaru","361118"
"Catende","42892"
"Cedro","11807"
"Chã de Alegria","13518"
"Chã Grande","21698"
"Condado","26421"
"Correntes","18207"
"Cortês","12578"
"Cumaru","10906"
"Cupira","24107"
"Custódia","37111"
"Escada","68875"
"Feira Nova","22131"
"Fernando de Noronha","3061"
"Ferreiros","12123"
"Floresta","32873"
"Frei Miguelinho","15457"
"Gameleira","31052"
"Garanhuns","139788"
"Glória do Goitá","30604"
"Goiana","79758"
"Granito","7486"
"Gravatá","84074"
"Ibimirim","29235"
"Ibirajuba","7762"
"Igarassu","117019"
"Iguaracy","12228"
"Inajá","23247"
"Ipojuca","96204"
"Ipubi","30854"
"Itaíba","26349"
"Ilha de Itamaracá","26258"
"Itambé","36447"
"Itapetim","13616"
"Itapissuma","26651"
"Itaquitinga","16955"
"Jaboatão dos Guararapes","702298"
"Jaqueira","11656"
"Jataúba","17150"
"Jatobá","14796"
"João Alfredo","33822"
"Joaquim Nabuco","16023"
"Jucati","11424"
"Jupi","14836"
"Jurema","15378"
"Lagoa do Carro","18071"
"Lagoa de Itaenga","21429"
"Lagoa do Ouro","13145"
"Lagoa dos Gatos","16290"
"Lajedo","40288"
"Limoeiro","56250"
"Macaparana","25376"
"Machados","16088"
"Maraial","11345"
"Moreno","62784"
"Nazaré da Mata","32471"
"Olinda","392482"
"Orobó","23884"
"Orocó","14991"
"Ouricuri","69459"
"Palmares","63250"
"Panelas","26474"
"Passira","28933"
"Paudalho","56506"
"Paulista","331774"
"Pedra","22617"
"Pesqueira","67395"
"Petrolândia","36548"
"Petrolina","349145"
"Poção","11302"
"Pombos","27091"
"Primavera","14966"
"Quipapá","26037"
"Quixaba","6813"
"Recife","1645727"
"Ribeirão","47415"
"Rio Formoso","23535"
"Sairé","9932"
"Salgueiro","60930"
"Saloá","15843"
"Sanharó","26462"
"Santa Cruz","15398"
"Santa Cruz do Capibaribe","107937"
"Santa Maria da Boa Vista","41931"
"Santa Maria do Cambucá","14137"
"São Benedito do Sul","15895"
"São Bento do Una","59504"
"São Caetano","37245"
"São João","22793"
"São Joaquim do Monte","21356"
"São José da Coroa Grande","21298"
"São José do Belmonte","33959"
"São José do Egito","33951"
"São Lourenço da Mata","113230"
"São Vicente Ferrer","18018"
"Serra Talhada","86350"
"Sertânia","35907"
"Sirinhaém","45865"
"Surubim","65089"
"Tabira","28534"
"Tamandaré","23388"
"Taquaritinga do Norte","28775"
"Terra Nova","10096"
"Timbaúba","53022"
"Toritama","45219"
"Tracunhaém","13769"
"Trindade","30521"
"Triunfo","15254"
"Tupanatinga","27304"
"Tuparetama","8202"
"Venturosa","18482"
"Vertentes","20731"
"Vicência","32643"
"Vitória de Santo Antão","138757"
"Xexéu","14725"
"Anadia","17545"
"Arapiraca","231747"
"Atalaia","47185"
"Barra de Santo Antônio","15932"
"Barra de São Miguel","8322"
"Batalha","18232"
"Boca da Mata","27281"
"Branquinha","10494"
"Cacimbinhas","10858"
"Cajueiro","21264"
"Campestre","6936"
"Campo Alegre","57063"
"Campo Grande","9558"
"Canapi","17722"
"Capela","17053"
"Coité do Nóia","10693"
"Colônia Leopoldina","21698"
"Coqueiro Seco","5845"
"Coruripe","56933"
"Craíbas","24219"
"Delmiro Gouveia","52016"
"Flexeiras","12790"
"Ibateguara","15616"
"Igaci","25631"
"Inhapi","18385"
"Japaratinga","8361"
"Jaramataia","5770"
"Jequiá da Praia","11580"
"Joaquim Gomes","23993"
"Junqueiro","24727"
"Lagoa da Canoa","17852"
"Limoeiro de Anadia","28635"
"Maceió","1018948"
"Major Isidoro","19804"
"Maragogi","32704"
"Maravilha","9163"
"Marechal Deodoro","51901"
"Maribondo","13264"
"Matriz de Camaragibe","24642"
"Messias","17856"
"Murici","28236"
"Novo Lino","12690"
"Olho d'Água das Flores","21688"
"Olivença","11624"
"Palestina","5011"
"Palmeira dos Índios","73218"
"Paripueira","13176"
"Paulo Jacinto","7564"
"Penedo","63683"
"Piaçabuçu","17827"
"Pilar","35111"
"Pindoba","2908"
"Poço das Trincheiras","14386"
"Porto Calvo","27165"
"Porto Real do Colégio","20066"
"Quebrangulo","11294"
"Rio Largo","75120"
"Santa Luzia do Norte","7296"
"Santana do Ipanema","47654"
"São José da Laje","23927"
"São Luís do Quitunde","34555"
"São Miguel dos Campos","61251"
"São Miguel dos Milagres","7951"
"São Sebastião","34152"
"Satuba","13828"
"Taquarana","19980"
"Teotônio Vilela","44169"
"União dos Palmares","65611"
"Viçosa","25733"
"Amparo de São Francisco","2374"
"Aquidabã","21563"
"Aracaju","657013"
"Arauá","10056"
"Areia Branca","18542"
"Barra dos Coqueiros","30407"
"Boquim","26816"
"Campo do Brito","18109"
"Canindé de São Francisco","29900"
"Capela","34213"
"Carira","22082"
"Carmópolis","16634"
"Cedro de São João","5897"
"Cristinápolis","17874"
"Divina Pastora","5138"
"Estância","69184"
"Frei Paulo","15421"
"Gararu","11604"
"Gracho Cardoso","5818"
"Indiaroba","17957"
"Itabaiana","95427"
"Itabaianinha","41928"
"Itaporanga d'Ajuda","34356"
"Japaratuba","18743"
"Japoatã","13434"
"Lagarto","104408"
"Laranjeiras","29826"
"Macambira","6919"
"Malhada dos Bois","3682"
"Malhador","12618"
"Maruim","17213"
"Moita Bonita","11335"
"Muribeca","7625"
"Nossa Senhora da Glória","36924"
"Nossa Senhora das Dores","26629"
"Nossa Senhora de Lourdes","6483"
"Nossa Senhora do Socorro","183628"
"Pacatuba","14428"
"Pedrinhas","9602"
"Pinhão","6576"
"Poço Redondo","34775"
"Poço Verde","23728"
"Porto da Folha","28596"
"Propriá","29626"
"Riachão do Dantas","19805"
"Riachuelo","10213"
"Ribeirópolis","18652"
"Rosário do Catete","10855"
"Salgado","19998"
"Santa Luzia do Itanhy","14035"
"Santana do São Francisco","7780"
"Santo Amaro das Brotas","12102"
"São Cristóvão","90072"
"São Domingos","11137"
"Simão Dias","40484"
"Tobias Barreto","52191"
"Tomar do Geru","13536"
"Umbaúba","25294"
"Abaíra","8739"
"Acajutiba","15159"
"Adustina","17040"
"Água Fria","16970"
"Aiquara","4446"
"Alagoinhas","151596"
"Almadina","5464"
"Amargosa","37241"
"Amélia Rodrigues","25102"
"Anguera","11221"
"Aracatu","13135"
"Araci","54379"
"Arataca","11019"
"Aurelino Leal","11531"
"Barra","53578"
"Barra do Choça","31603"
"Barra do Rocha","5714"
"Barreiras","155439"
"Barrocas","15978"
"Barro Preto","5591"
"Belmonte","23328"
"Boa Vista do Tupim","18576"
"Bom Jesus da Lapa","69148"
"Brumado","67195"
"Buerarema","18349"
"Cachoeira","33470"
"Caetanos","14542"
"Caldeirão Grande","13327"
"Camacan","31988"
"Camaçari","299132"
"Camamu","35316"
"Campo Alegre de Lourdes","28798"
"Campo Formoso","71206"
"Canarana","26176"
"Canavieiras","31099"
"Candeias","87076"
"Cansanção","34834"
"Capela do Alto Alegre","11637"
"Capim Grosso","30662"
"Castro Alves","26264"
"Catu","54704"
"Coaraci","16993"
"Conceição do Coité","66612"
"Conceição do Jacuípe","33153"
"Conde","25837"
"Coração de Maria","22605"
"Cravolândia","5349"
"Cristópolis","13910"
"Cruz das Almas","63239"
"Curaçá","34700"
"Dário Meira","10710"
"Dias d'Ávila","81089"
"Dom Basílio","12199"
"Euclides da Cunha","60585"
"Eunápolis","113380"
"Feira de Santana","614872"
"Floresta Azul","10629"
"Gandu","32403"
"Gongogi","7128"
"Governador Mangabeira","20722"
"Guaratinga","20843"
"Ibicaraí","21689"
"Ibirapitanga","23375"
"Ibirataia","15312"
"Ibotirama","26927"
"Ilhéus","162327"
"Inhambupe","39926"
"Ipiaú","45873"
"Ipirá","59595"
"Irará","29034"
"Irecê","72967"
"Itabela","30584"
"Itaberaba","64489"
"Itabuna","213223"
"Itacaré","28296"
"Itagi","12351"
"Itagibá","14579"
"Itajuípe","20491"
"Itamaraju","64486"
"Itaparica","22228"
"Itapé","8761"
"Itapebi","10259"
"Itapetinga","76147"
"Itapicuru","35576"
"Itapitanga","10313"
"Itarantim","19747"
"Itatim","14487"
"Itororó","20382"
"Ituberá","28602"
"Jacobina","80518"
"Jaguaquara","54423"
"Jaguarari","33570"
"Jequié","155966"
"Jitaúna","11166"
"Juazeiro","216707"
"Jussari","5833"
"Jussiape","6186"
"Lajedo do Tabocal","15665"
"Laje","3955"
"Lauro de Freitas","198440"
"Licínio de Almeida","12388"
"Livramento de Nossa Senhora","45732"
"Luís Eduardo Magalhães","87519"
"Madre de Deus","21093"
"Manoel Vitorino","13240"
"Maracás","20834"
"Maragogipe","44677"
"Maraú","20570"
"Mata de São João","46583"
"Medeiros Neto","22688"
"Miguel Calmon","26023"
"Mirante","8641"
"Morpará","8519"
"Mucugê","9062"
"Nazaré","28525"
"Nilo Peçanha","13997"
"Nordestina","13130"
"Nova Soure","26947"
"Nova Viçosa","43376"
"Oliveira dos Brejinhos","21825"
"Palmeiras","9019"
"Paramirim","21607"
"Pau Brasil","9831"
"Paulo Afonso","117782"
"Pilão Arcado","35048"
"Piripá","10707"
"Pojuca","39519"
"Ponto Novo","14914"
"Porto Seguro","148686"
"Potiraguá","7224"
"Prado","28174"
"Presidente Dutra","15142"
"Presidente Tancredo Neves","27719"
"Rafael Jambeiro","22621"
"Remanso","41008"
"Retirolândia","14396"
"Ribeira do Pombal","53807"
"Rio do Pires","11655"
"Rio Real","40732"
"Salvador","2872347"
"Santa Bárbara","20791"
"Santa Cruz Cabrália","27778"
"Santaluz","37348"
"Santa Luzia","12597"
"Santa Maria da Vitória","39845"
"Santanópolis","8943"
"Santa Teresinha","10405"
"Santo Amaro","60069"
"Santo Antônio de Jesus","101512"
"Santo Estêvão","52850"
"São Domingos","9058"
"São Felipe","21074"
"São Francisco do Conde","39802"
"São Gonçalo dos Campos","37550"
"São José da Vitória","5657"
"São Sebastião do Passé","44300"
"Sátiro Dias","17273"
"Saubara","12043"
"Saúde","12913"
"Seabra","44091"
"Serra do Ramalho","31472"
"Serra Preta","14878"
"Serrinha","80861"
"Simões Filho","134377"
"Taperoá","21074"
"Teixeira de Freitas","160487"
"Tucano","50687"
"Ubaitaba","19056"
"Ubatã","27035"
"Umburanas","19222"
"Una","19002"
"Uruçuca","20519"
"Utinga","19178"
"Valença","96562"
"Valente","28473"
"Várzea Nova","12697"
"Vera Cruz","43223"
"Vereda","6205"
"Vitória da Conquista","338480"
"Alta Floresta D'Oeste","22945"
"Ariquemes","107863"
"Cacoal","85359"
"Espigão D'Oeste","32374"
"Guajará-Mirim","46174"
"Jaru","51775"
"Ji-Paraná","128969"
"Machadinho D'Oeste","39991"
"Nova Brasilândia D'Oeste","20474"
"Ouro Preto do Oeste","36035"
"Pimenta Bueno","36660"
"Porto Velho","529544"
"Rolim de Moura","55058"
"Vilhena","99854"
"Alvorada D'Oeste","14411"
"Alto Alegre dos Parecis","13241"
"Alto Paraíso","21428"
"Buritis","39654"
"Novo Horizonte do Oeste","8538"
"Campo Novo de Rondônia","14139"
"Candeias do Jamari","26693"
"Cujubim","25215"
"Governador Jorge Teixeira","7767"
"Itapuã do Oeste","10458"
"Mirante da Serra","10947"
"Primavera de Rondônia","2856"
"São Felipe D'Oeste","5172"
"Theobroma","10444"
"Urupá","11467"
"Vale do Anari","11204"
"Acrelândia","15256"
"Assis Brasil","7417"
"Brasiléia","26278"
"Bujari","10266"
"Capixaba","11733"
"Cruzeiro do Sul","88376"
"Epitaciolândia","18411"
"Feijó","34780"
"Mâncio Lima","18977"
"Plácido de Castro","19761"
"Rio Branco","407319"
"Santa Rosa do Purus","6540"
"Senador Guiomard","23024"
"Sena Madureira","45848"
"Tarauacá","42567"
"Xapuri","19323"
"Porto Acre","18504"
"Alvarães","16041"
"Amaturá","11536"
"Anamã","13614"
"Anori","21010"
"Apuí","21973"
"Atalaia do Norte","19921"
"Autazes",
"Barcelos",
"Barreirinha","32041"
"Benjamin Constant","42984"
"Beruri","19679"
"Boa Vista do Ramos","19207"
"Boca do Acre","34308"
"Borba","41161"
"Caapiranga","13081"
"Canutama","15629"
"Carauari","28294"
"Careiro",
"Careiro da Várzea",
"Coari","85097"
"Codajás","28637"
"Eirunepé","35273"
"Fonte Boa","17609"
"Humaitá","55080"
"Iranduba",
"Itacoatiara","101337"
"Itapiranga","9148"
"Japurá","2755"
"Juruá","14712"
"Jutaí","14317"
"Lábrea","46069"
"Manacapuru","97377"
"Manaquiri",
"Manaus",
"Manicoré","55751"
"Maraã","18224"
"Maués","63905"
"Nhamundá","21173"
"Nova Olinda do Norte",
"Novo Airão","19454"
"Novo Aripuanã","25644"
"Parintins","114273"
"Pauini","19426"
"Presidente Figueiredo",
"Rio Preto da Eva",
"Santa Isabel do Rio Negro",
"Santo Antônio do Içá","21602"
"São Gabriel da Cachoeira",
"São Paulo de Olivença","39299"
"São Sebastião do Uatumã","14020"
"Silves","9171"
"Tabatinga","65844"
"Tapauá","17156"
"Tefé","59849"
"Tonantins","18755"
"Urucará","16256"
"Urucurituba","23065"
"Amajari","12796"
"Alto Alegre","15510"
"Boa Vista","399213"
"Bonfim","12409"
"Cantá","18335"
"Caracaraí","21926"
"Caroebe","10169"
"Mucajaí","17853"
"Normandia","11290"
"Pacaraima","17401"
"Rorainópolis","30163"
"São João da Baliza","8201"
"São Luiz","7986"
"Uiramutã","10559"
"Abaetetuba","157698"
"Abel Figueiredo","7434"
"Acará","55591"
"Afuá","39218"
"Água Azul do Norte","27430"
"Alenquer","56789"
"Almeirim","34109"
"Altamira","114594"
"Anajás","29277"
"Ananindeua","530598"
"Anapu","27890"
"Augusto Corrêa","45998"
"Aurora do Pará","31338"
"Bagre","30673"
"Baião","47446"
"Bannach","3286"
"Barcarena","124680"
"Belém","1492745"
"Belterra","17732"
"Benevides","62737"
"Bom Jesus do Tocantins","16981"
"Bonito","16286"
"Bragança","127686"
"Brasil Novo","15086"
"Breu Branco","66046"
"Breves","102701"
"Bujaru","29132"
"Cachoeira do Piriá","33900"
"Cachoeira do Arari","23767"
"Cametá","137890"
"Canaã dos Carajás","37085"
"Capanema","69027"
"Capitão Poço","54303"
"Castanhal","200793"
"Chaves","23717"
"Colares","12085"
"Conceição do Araguaia","47864"
"Concórdia do Pará","33318"
"Curionópolis","17929"
"Curralinho","34448"
"Curuá","14393"
"Curuçá","40066"
"Dom Eliseu","59719"
"Eldorado do Carajás","33808"
"Faro","7194"
"Garrafão do Norte","26066"
"Goianésia do Pará","40475"
"Gurupá","33376"
"Igarapé-Açu","38807"
"Igarapé-Miri","62698"
"Inhangapi","11711"
"Ipixuna do Pará","64053"
"Irituia","32550"
"Itaituba","101247"
"Itupiranga","53269"
"Jacareacanga","8239"
"Jacundá","59155"
"Juruti","57943"
"Limoeiro do Ajuru","28935"
"Mãe do Rio","30077"
"Magalhães Barata","8548"
"Marabá","279349"
"Maracanã","29473"
"Marapanim","28336"
"Marituba","131521"
"Medicilândia","31597"
"Melgaço","27654"
"Mocajuba","31136"
"Moju","82094"
"Monte Alegre","58032"
"Muaná","40349"
"Nova Esperança do Piriá","21368"
"Nova Ipixuna","16678"
"Nova Timboteua","15363"
"Novo Progresso","25762"
"Novo Repartimento","75919"
"Óbidos","52137"
"Oeiras do Pará","32512"
"Oriximiná","73096"
"Ourém","17842"
"Ourilândia do Norte","32832"
"Pacajá","47706"
"Paragominas","113145"
"Parauapebas","208273"
"Pau d'Arco","5483"
"Peixe-Boi","8077"
"Ponta de Pedras","31082"
"Portel","62043"
"Porto de Moz","41135"
"Prainha","29866"
"Primavera","10825"
"Quatipuru","13608"
"Redenção","84787"
"Rio Maria","18193"
"Rondon do Pará","52357"
"Salinópolis","40675"
"Salvaterra","23752"
"Santa Bárbara do Pará","21079"
"Santa Cruz do Arari","10128"
"Santa Izabel do Pará","70801"
"Santa Luzia do Pará","19848"
"Santa Maria do Pará","24861"
"Santana do Araguaia","72817"
"Santarém","304589"
"Santarém Novo","6709"
"Santo Antônio do Tauá","31482"
"São Caetano de Odivelas","18050"
"São Domingos do Araguaia","25557"
"São Domingos do Capim","31989"
"São Félix do Xingu","128481"
"São Francisco do Pará","15882"
"São Geraldo do Araguaia","24847"
"São João da Ponta","6139"
"São João de Pirabas","23045"
"São João do Araguaia","13996"
"São Miguel do Guamá","58986"
"São Sebastião da Boa Vista","26640"
"Senador José Porfírio","11658"
"Soure","25374"
"Tailândia","106339"
"Terra Alta","11720"
"Terra Santa","18769"
"Tomé-Açu","63447"
"Tracuateua","30959"
"Tucumã","39602"
"Tucuruí","113659"
"Ulianópolis","59210"
"Uruará","45476"
"Vigia","53686"
"Viseu","61403"
"Vitória do Xingu","15134"
"Xinguara","44751"
"Serra do Navio","5397"
"Amapá","9109"
"Pedra Branca do Amapari","16502"
"Calçoene","11117"
"Cutias","5983"
"Ferreira Gomes","7780"
"Itaubal","5503"
"Laranjal do Jari","50410"
"Macapá","503327"
"Mazagão","21632"
"Oiapoque","27270"
"Porto Grande","21971"
"Pracuúba","5120"
"Santana","121364"
"Tartarugalzinho","17315"
"Vitória do Jari","15931"
"Abreulândia","2579"
"Aguiarnópolis","6733"
"Aliança do Tocantins","5390"
"Alvorada","8412"
"Ananás","9549"
"Araguaína","180470"
"Araguatins","35761"
"Augustinópolis","18412"
"Aurora do Tocantins","3757"
"Axixá do Tocantins","9756"
"Bandeirantes do Tocantins","3553"
"Barrolândia","5632"
"Buriti do Tocantins","11348"
"Cariri do Tocantins","4382"
"Colinas do Tocantins","35424"
"Couto Magalhães","5588"
"Cristalândia","7289"
"Darcinópolis","6097"
"Dianópolis","22139"
"Dueré","4686"
"Fátima","3835"
"Figueirópolis","5263"
"Formoso do Araguaia","18440"
"Fortaleza do Tabocão","2589"
"Goiatins","13019"
"Guaraí","25923"
"Gurupi","86647"
"Lizarda","3740"
"Marianópolis do Tocantins","5175"
"Maurilândia do Tocantins","3426"
"Miracema do Tocantins","18248"
"Miranorte","13434"
"Palmeiras do Tocantins","6658"
"Nova Olinda","11819"
"Nova Rosalândia","4260"
"Novo Acordo","4342"
"Paraíso do Tocantins","51252"
"Ponte Alta do Tocantins","8039"
"Porto Nacional","53010"
"Pugmil","2688"
"Sampaio","4711"
"São Bento do Tocantins","5324"
"São Miguel do Tocantins","12139"
"Silvanópolis","5403"
"Sítio Novo do Tocantins","9029"
"Palmas","299127"
"Tocantinópolis","22870"
"Wanderlândia","11683"
"Xambioá","11540"
"Abadia dos Dourados","6989"
"Abaeté","23237"
"Aimorés","25167"
"Além Paraíba","35362"
"Alfenas","79996"
"Alfredo Vasconcelos","6907"
"Almenara","41896"
"Alpercata","7424"
"Alpinópolis","19853"
"Alterosa","14466"
"Alto Rio Doce","11000"
"Araguari","117267"
"Araxá","106229"
"Arceburgo","10772"
"Arcos","40092"
"Astolfo Dutra","14179"
"Barbacena","137313"
"Bela Vista de Minas","10255"
"Belmiro Braga","3429"
"Belo Horizonte","2512070"
"Belo Oriente","26700"
"Belo Vale","7715"
"Betim","439340"
"Bicas","14494"
"Boa Esperança","40127"
"Bom Despacho","50605"
"Bom Repouso","10547"
"Bonfim","6868"
"Borda da Mata","19412"
"Botelhos","14971"
"Brasília de Minas","32347"
"Brazópolis","14459"
"Brumadinho","40103"
"Bueno Brandão","11001"
"Caetanópolis","11624"
"Caeté","44718"
"Cajuri","3987"
"Caldas","14480"
"Camanducaia","21770"
"Cambuí","29551"
"Cambuquira","12814"
"Campo Belo","54029"
"Campos Altos","15461"
"Campos Gerais","28774"
"Cana Verde","5603"
"Capelinha","37784"
"Capinópolis","16173"
"Capitólio","8632"
"Carandaí","25501"
"Carangola","33000"
"Caratinga","92062"
"Carlos Chagas","18837"
"Carmo da Cachoeira","12170"
"Carmo da Mata","11476"
"Carmo do Cajuru","22478"
"Carmópolis de Minas","19355"
"Cascalho Rico","3075"
"Cataguases","75123"
"Catuji","6311"
"Caxambu","21656"
"Centralina","10350"
"Cláudio","28617"
"Comercinho","6929"
"Conceição das Alagoas","27893"
"Congonhal","11950"
"Conselheiro Lafaiete","128589"
"Contagem","663855"
"Coromandel","27974"
"Coronel Fabriciano","109855"
"Couto de Magalhães de Minas","4410"
"Curvelo","80129"
"Dionísio","7729"
"Divinésia","3417"
"Divino","19931"
"Divinópolis","238230"
"Divisa Nova","6011"
"Elói Mendes","28076"
"Esmeraldas","70552"
"Espera Feliz","24951"
"Espinosa","31617"
"Espírito Santo do Dourado","4692"
"Estiva","11354"
"Estrela Dalva","2343"
"Extrema","36225"
"Faria Lemos","3241"
"Ferros","9820"
"Fervedouro","11006"
"Formiga","67683"
"Fronteira","18103"
"Frutal","59496"
"Goianá","3966"
"Governador Valadares","279885"
"Guaranésia","19021"
"Guaxupé","51917"
"Guimarânia","8039"
"Ibiaí","8395"
"Ibirité","180204"
"Icaraí de Minas","11990"
"Igarapé","43045"
"Ilicínea","12375"
"Imbé de Minas","6903"
"Ipaba","18607"
"Ipatinga","263410"
"Ipiaçu","4221"
"Ipuiúna","10079"
"Itabira","120060"
"Itabirito","51875"
"Itacarambi","18153"
"Itaguara","13358"
"Itajubá","96869"
"Itambacuri","23211"
"Itamonte","15579"
"Itanhandu","15331"
"Itaobim","21062"
"Itapecerica","21762"
"Itapeva","9783"
"Itatiaiuçu","11146"
"Itaú de Minas","16108"
"Itaúna","93214"
"Ituiutaba","104671"
"Itumirim","6023"
"Jaboticatubas","20143"
"Janaúba","71648"
"Jeceaba","4912"
"Jequitinhonha","25391"
"João Monlevade","79910"
"Juatuba","26946"
"Juiz de Fora","568873"
"Lagoa da Prata","52165"
"Lagoa Santa","64527"
"Lajinha","19923"
"Lambari","20814"
"Lavras","103773"
"Leopoldina","52587"
"Lima Duarte","16698"
"Machado","42133"
"Mamonas","6543"
"Manhuaçu","90229"
"Mantena","27644"
"Mar de Espanha","12814"
"Mariana","60724"
"Mário Campos","15416"
"Maripá de Minas","2973"
"Marliéria","4039"
"Martinho Campos","13388"
"Matias Cardoso","11157"
"Matozinhos","37820"
"Medina","20820"
"Minas Novas","31484"
"Moema","7517"
"Monte Alegre de Minas","21120"
"Monte Azul","20854"
"Monte Carmelo","47809"
"Montes Claros","409341"
"Morro da Garça","2462"
"Munhoz","6029"
"Muriaé","108763"
"Mutum","26979"
"Muzambinho","20569"
"Nanuque","40750"
"Nazareno","8608"
"Nova Lima","94889"
"Nova Porteirinha","7500"
"Nova Serrana","102693"
"Novo Cruzeiro","31331"
"Ouro Branco","39500"
"Ouro Fino","33639"
"Padre Paraíso","20154"
"Paracatu","93158"
"Pará de Minas","93969"
"Paraisópolis","21083"
"Passos","114679"
"Patos de Minas","152488"
"Patrocínio","90757"
"Pedra Dourada","2504"
"Pedro Leopoldo","64258"
"Perdizes","16168"
"Perdões","21390"
"Piranguçu","5472"
"Pirapetinga","10752"
"Pirapora","56428"
"Piumhi","34691"
"Planura","12133"
"Poço Fundo","16791"
"Poços de Caldas","167397"
"Ponte Nova","59742"
"Porteirinha","37906"
"Porto Firme","11279"
"Poté","16555"
"Pouso Alegre","150737"
"Presidente Juscelino","3641"
"Alto Jequitibá","8317"
"Raposos","16354"
"Recreio","10517"
"Riacho dos Machados","9481"
"Ribeirão das Neves","334858"
"Rio Novo","8949"
"Sabará","136344"
"Sacramento","26185"
"Santa Bárbara","31324"
"Santa Luzia","219134"
"Santa Margarida","16208"
"Santa Maria de Itabira","10847"
"Santana de Cataguases","3872"
"Santana do Paraíso","34663"
"Santa Rita de Jacutinga","4884"
"Santa Rita do Sapucaí","43260"
"Santo Antônio do Aventureiro","3602"
"Santo Antônio do Monte","28243"
"Santos Dumont","46487"
"São Brás do Suaçuí","3738"
"São Francisco","56323"
"São Francisco do Glória","4844"
"São Geraldo da Piedade","3962"
"São Gotardo","35469"
"São João da Mata","2749"
"São João del Rei","90082"
"São João do Manhuaçu","11559"
"São João do Paraíso","23618"
"São João Nepomuceno","26361"
"São José da Lapa","23766"
"São Lourenço","45851"
"São Romão","12337"
"São Sebastião do Oeste","6775"
"São Sebastião do Paraíso","70956"
"São Tomás de Aquino","7021"
"São Vicente de Minas","7753"
"Sarzedo","32752"
"Senador Amaral","5356"
"Senador José Bento","1502"
"Senhora do Porto","3523"
"Serra do Salitre","11582"
"Sete Lagoas","239639"
"Sobrália","5553"
"Tabuleiro","3750"
"Teófilo Otoni","140592"
"Timóteo","89842"
"Toledo","6258"
"Tombos","8022"
"Três Corações","79482"
"Três Marias","32356"
"Três Pontas","56746"
"Tupaciguara","25327"
"Ubá","115552"
"Uberaba","333783"
"Uberlândia","691305"
"Unaí","84378"
"Vargem Alegre","6480"
"Varginha","135558"
"Varzelândia","19320"
"Vazante","20590"
"Viçosa","78846"
"Wenceslau Braz","2552"
"Afonso Cláudio","30586"
"Alegre","30084"
"Alfredo Chaves","14601"
"Anchieta","29263"
"Apiacá","7567"
"Aracruz","101220"
"Baixo Guandu","30998"
"Barra de São Francisco","44650"
"Boa Esperança","15037"
"Bom Jesus do Norte","9936"
"Brejetuba","12404"
"Cachoeiro de Itapemirim","208972"
"Cariacica","381285"
"Castelo","37534"
"Colatina","122499"
"Conceição da Barra","31063"
"Conceição do Castelo","12723"
"Divino de São Lourenço","4304"
"Domingos Martins","33850"
"Ecoporanga","22923"
"Fundão","21509"
"Guaçuí","30867"
"Guarapari","124859"
"Ibiraçu","12479"
"Ibitirama","8889"
"Iconha","13860"
"Irupi","13377"
"Itapemirim","34348"
"Itarana","10555"
"Iúna","29161"
"Jerônimo Monteiro","12192"
"João Neiva","16668"
"Laranja da Terra","10947"
"Linhares","173555"
"Marataízes","38499"
"Marechal Floriano","16694"
"Marilândia","12833"
"Mimoso do Sul","26153"
"Montanha","18833"
"Muniz Freire","17465"
"Muqui","15449"
"Nova Venécia","50110"
"Pancas","23184"
"Pedro Canário","26184"
"Pinheiros","27047"
"Piúma","21711"
"Presidente Kennedy","11574"
"Rio Bananal","19141"
"Rio Novo do Sul","11622"
"Santa Leopoldina","12224"
"Santa Maria de Jetibá","40431"
"Santa Teresa","23590"
"São Gabriel da Palha","37947"
"São José do Calçado","10556"
"São Mateus","130611"
"São Roque do Canaã","12415"
"Serra","517510"
"Sooretama","30070"
"Vargem Alta","21402"
"Venda Nova do Imigrante","25277"
"Viana","78239"
"Vila Valério","14080"
"Vila Velha","493838"
"Vitória","362097"
"Angra dos Reis","203785"
"Aperibé","11759"
"Araruama","132400"
"Areal","12572"
"Armação dos Búzios","33870"
"Arraial do Cabo","30349"
"Barra do Piraí","100374"
"Barra Mansa","184412"
"Belford Roxo","510906"
"Bom Jardim","27446"
"Bom Jesus do Itabapoana","37096"
"Cabo Frio","226525"
"Cachoeiras de Macacu","58937"
"Carapebus","16301"
"Campos dos Goytacazes","507548"
"Cantagalo","20172"
"Cardoso Moreira","12823"
"Carmo","18895"
"Casimiro de Abreu","44184"
"Conceição de Macabu","23228"
"Cordeiro","21926"
"Duque de Caxias","919596"
"Engenheiro Paulo de Frontin","14002"
"Guapimirim","60517"
"Iguaba Grande","28310"
"Itaboraí","240592"
"Itaguaí","133019"
"Italva","15207"
"Itaocara","23234"
"Itaperuna","103224"
"Itatiaia","31805"
"Japeri","104768"
"Laje do Muriaé","7355"
"Macaé","256672"
"Macuco","5599"
"Magé","245071"
"Mangaratiba","44468"
"Maricá","161207"
"Mendes","18614"
"Mesquita","176103"
"Miguel Pereira","25538"
"Miracema","27174"
"Natividade","15317"
"Nilópolis","162485"
"Niterói","513584"
"Nova Friburgo","190631"
"Nova Iguaçu","821128"
"Paracambi","52257"
"Paraíba do Sul","44285"
"Paraty","43165"
"Paty do Alferes","27769"
"Petrópolis","306191"
"Pinheiral","25156"
"Piraí","29277"
"Porciúncula","18847"
"Porto Real","19683"
"Quatis","14302"
"Queimados","150319"
"Quissamã","24700"
"Resende","131341"
"Rio Bonito","60201"
"Rio das Flores","9284"
"Rio das Ostras","150674"
"Rio de Janeiro","6718903"
"Santa Maria Madalena","10404"
"Santo Antônio de Pádua","42479"
"São Francisco de Itabapoana","42205"
"São Fidélis","38669"
"São Gonçalo","1084839"
"São João da Barra","36102"
"São João de Meriti","472406"
"São José de Ubá","7171"
"São José do Vale do Rio Preto","21795"
"São Pedro da Aldeia","104476"
"São Sebastião do Alto","9357"
"Sapucaia","18228"
"Saquarema","89170"
"Seropédica","82312"
"Silva Jardim","21774"
"Sumidouro","15623"
"Tanguá","34309"
"Teresópolis","182594"
"Três Rios","81804"
"Valença","76523"
"Vassouras","36896"
"Volta Redonda","273012"
"Adamantina","35068"
"Adolfo","3562"
"Aguaí","36305"
"Águas da Prata","8180"
"Águas de Lindóia","18705"
"Águas de Santa Bárbara","6075"
"Águas de São Pedro","3451"
"Agudos","37214"
"Alambari","6025"
"Alto Alegre","4099"
"Álvares Machado","24915"
"Álvaro de Carvalho","5227"
"Americana","239597"
"Américo Brasiliense","40504"
"Américo de Campos","5969"
"Amparo","72195"
"Andradina","57157"
"Angatuba","25228"
"Anhembi","6724"
"Aparecida","36157"
"Apiaí","24374"
"Araçariguama","22364"
"Araçatuba","197016"
"Araçoiaba da Serra","34146"
"Arandu","6357"
"Araraquara","236072"
"Araras","134236"
"Arealva","8560"
"Areiópolis","11129"
"Artur Nogueira","54408"
"Arujá","89824"
"Assis","104386"
"Atibaia","142761"
"Avaí","5403"
"Avanhandava","13649"
"Avaré","90655"
"Bady Bassitt","17502"
"Bananal","10945"
"Barbosa","7402"
"Bariri","35264"
"Barra Bonita","36126"
"Barra do Turvo","7659"
"Barretos","122098"
"Barrinha","32812"
"Barueri","274182"
"Batatais","62508"
"Bauru","376818"
"Bebedouro","77496"
"Bernardino de Campos","11148"
"Bertioga","63249"
"Bilac","8034"
"Birigui","123638"
"Biritiba-Mirim","32598"
"Bocaina","12329"
"Boituva","60997"
"Bom Jesus dos Perdões","25448"
"Borborema","16046"
"Borebi","2653"
"Botucatu","146497"
"Bragança Paulista","168668"
"Brejo Alegre","2865"
"Brodowski","24939"
"Buritama","17144"
"Cabreúva","49707"
"Caçapava","94263"
"Cachoeira Paulista","33327"
"Caconde","18985"
"Caiabu","4191"
"Caieiras","101470"
"Cajamar","76801"
"Cajati","28549"
"Cajobi","10542"
"Cajuru","26167"
"Campinas","1204073"
"Campo Limpo Paulista","84650"
"Campos do Jordão","52088"
"Cananéia","12540"
"Canas","5138"
"Cândido Mota","31280"
"Capão Bonito","47138"
"Capela do Alto","20706"
"Caraguatatuba","121532"
"Carapicuíba","400927"
"Castilho","21006"
"Catanduva","121862"
"Catiguá","7804"
"Cedral","9237"
"Cerqueira César","19985"
"Charqueada","17190"
"Colina","18468"
"Conchal","28050"
"Conchas","17896"
"Cordeirópolis","24528"
"Coroados","6058"
"Cosmópolis","72252"
"Cosmorama","7307"
"Cotia","249210"
"Cravinhos","35292"
"Cruzeiro","82238"
"Cubatão","130705"
"Cunha","21547"
"Diadema","423884"
"Divinolândia","11146"
"Dobrada","8929"
"Dois Córregos","27315"
"Dracena","46793"
"Duartina","12445"
"Dumont","9868"
"Eldorado","15494"
"Elias Fausto","17772"
"Embu das Artes","273726"
"Embu-Guaçu","69385"
"Engenheiro Coelho","20773"
"Espírito Santo do Pinhal","44330"
"Estrela d'Oeste","8419"
"Fartura","16036"
"Fernandópolis","69116"
"Ferraz de Vasconcelos","194276"
"Flórida Paulista","14640"
"Franca","353187"
"Francisco Morato","175844"
"Franco da Rocha","154489"
"Gália","6548"
"Garça","44390"
"Gastão Vidigal","4808"
"Getulina","11409"
"Guaiçara","12168"
"Guaíra","40790"
"Guapiaçu","21454"
"Guará","21220"
"Guaraçaí","8323"
"Guararapes","32939"
"Guararema","29798"
"Guaratinguetá","121798"
"Guareí","18520"
"Guariba","40105"
"Guarujá","320459"
"Guarulhos","1379182"
"Guzolândia","5267"
"Holambra","14930"
"Hortolândia","230851"
"Iacanga","11710"
"Ibaté","35104"
"Ibirá","12393"
"Ibirarema","7753"
"Ibitinga","60033"
"Ibiúna","78878"
"Iepê","8159"
"Igaraçu do Tietê","24674"
"Igarapava","30432"
"Igaratá","9534"
"Iguape","30857"
"Ilhabela","34970"
"Ilha Comprida","11166"
"Ilha Solteira","26686"
"Indaiatuba","251627"
"Indiana","4885"
"Inúbia Paulista","3991"
"Iperó","37133"
"Ipiguá","5392"
"Ipuã","16409"
"Iracemápolis","24235"
"Irapuru","8294"
"Itajobi","15262"
"Itanhaém","101816"
"Itapecerica da Serra","175693"
"Itapetininga","163901"
"Itapeva","94354"
"Itapevi","237700"
"Itapira","74773"
"Itapuí","13992"
"Itapura","4906"
"Itaquaquecetuba","370821"
"Itararé","50503"
"Itariri","17436"
"Itatiba","120858"
"Itatinga","20697"
"Itirapina","18157"
"Itobi","7841"
"Itu","173939"
"Itupeva","61252"
"Ituverava","41824"
"Jaborandi","6929"
"Jaboticabal","77263"
"Jacareí","233662"
"Jaci","7067"
"Jacupiranga","17866"
"Jaguariúna","57488"
"Jales","49107"
"Jambeiro","6602"
"Jandira","124937"
"Jardinópolis","44380"
"Jarinu","30044"
"Jaú","150252"
"Joanópolis","13220"
"José Bonifácio","37015"
"Jundiaí","418962"
"Junqueirópolis","20679"
"Juquiá","18812"
"Juquitiba","31444"
"Laranjal Paulista","28516"
"Lavínia","11980"
"Lavrinhas","7260"
"Leme","103391"
"Lençóis Paulista","68432"
"Limeira","306114"
"Lindóia","7980"
"Lins","78013"
"Lorena","88706"
"Louveira","48885"
"Lucélia","21747"
"Macatuba","17163"
"Mairinque","47150"
"Mairiporã","100179"
"Marapoama","3031"
"Marília","238882"
"Martinópolis","26461"
"Matão","83170"
"Mauá","472912"
"Meridiano","3836"
"Miguelópolis","22226"
"Mineiros do Tietê","12908"
"Miracatu","19779"
"Mirandópolis","29564"
"Mirassol","59824"
"Mococa","68885"
"Mogi das Cruzes","445842"
"Mogi Guaçu","151888"
"Mogi Mirim","93189"
"Mongaguá","56702"
"Monte Alto","50498"
"Monte Aprazível","25087"
"Monte Azul Paulista","19008"
"Monte Mor","59772"
"Morro Agudo","32968"
"Morungaba","13622"
"Nazaré Paulista","18524"
"Neves Paulista","8930"
"Nhandeara","11478"
"Nipoã","5213"
"Nova Aliança","6973"
"Nova Campina","9755"
"Nova Europa","11186"
"Nova Granada","21500"
"Nova Guataporanga","2316"
"Nova Odessa","60174"
"Novo Horizonte","41052"
"Olímpia","54772"
"Orlândia","44028"
"Osasco","698418"
"Osvaldo Cruz","32879"
"Ourinhos","113542"
"Pacaembu","14197"
"Palmital","22221"
"Paraibuna","18222"
"Paranapanema","20197"
"Pariquera-Açu","19648"
"Parisi","2161"
"Patrocínio Paulista","14670"
"Paulínia","109424"
"Paulistânia","1833"
"Pederneiras","46687"
"Pedra Bela","6093"
"Pedreira","47919"
"Pedrinhas Paulista","3093"
"Pedro de Toledo","11331"
"Penápolis","63407"
"Pereira Barreto","25669"
"Peruíbe","68284"
"Piedade","55348"
"Pilar do Sul","29185"
"Pindamonhangaba","168328"
"Pindorama","17049"
"Pinhalzinho","15207"
"Piquerobi","3692"
"Piracaia","27303"
"Piracicaba","404142"
"Piraju","29806"
"Pirajuí","25492"
"Pirapora do Bom Jesus","18895"
"Pirapozinho","27527"
"Pirassununga","76409"
"Piratininga","13636"
"Pitangueiras","39719"
"Poá","117452"
"Poloni","6059"
"Pontal","49961"
"Populina","4169"
"Porangaba","9925"
"Porto Feliz","53098"
"Porto Ferreira","56150"
"Pracinha","4093"
"Pradópolis","21496"
"Praia Grande","325073"
"Pratânia","5261"
"Presidente Alves","4094"
"Presidente Bernardes","13106"
"Presidente Epitácio","44200"
"Presidente Prudente","228743"
"Presidente Venceslau","39516"
"Promissão","40432"
"Quatá","14109"
"Quintana","6638"
"Rancharia","29707"
"Regente Feijó","20261"
"Reginópolis","9621"
"Registro","56322"
"Ribeirão Branco","16444"
"Ribeirão Pires","123393"
"Ribeirão Preto","703293"
"Rincão","10799"
"Rinópolis","9981"
"Rio Claro","206424"
"Rio das Pedras","35228"
"Rio Grande da Serra","50846"
"Salesópolis","17139"
"Saltinho","8286"
"Salto","118663"
"Salto de Pirapora","45422"
"Salto Grande","9331"
"Santa Bárbara d'Oeste","193475"
"Santa Branca","14788"
"Santa Cruz da Conceição","4503"
"Santa Cruz da Esperança","2139"
"Santa Cruz do Rio Pardo","47673"
"Santa Fé do Sul","32322"
"Santa Gertrudes","26898"
"Santa Isabel","57386"
"Santa Lúcia","8817"
"Santa Maria da Serra","6173"
"Santana de Parnaíba","139447"
"Santa Rita do Passa Quatro","27557"
"Santo Anastácio","20878"
"Santo André","718773"
"Santo Antônio da Alegria","6929"
"Santo Antônio de Posse","23310"
"Santo Antônio do Aracanguá","8420"
"Santo Antônio do Jardim","5954"
"Santo Antônio do Pinhal","6811"
"Santos","433311"
"São Bernardo do Campo","838936"
"São Caetano do Sul","161127"
"São Carlos","251983"
"São João da Boa Vista","91211"
"São Joaquim da Barra","51888"
"São José do Rio Pardo","54946"
"São José do Rio Preto","460671"
"São José dos Campos","721944"
"São Lourenço da Serra","15825"
"São Luiz do Paraitinga","10687"
"São Manuel","40954"
"São Miguel Arcanjo","32931"
"São Paulo","12252023"
"São Pedro","35653"
"São Pedro do Turvo","7666"
"São Roque","91016"
"São Sebastião","88980"
"São Sebastião da Grama","12182"
"São Vicente","365798"
"Sarapuí","10285"
"Sarutaiá","3638"
"Serra Azul","14662"
"Serrana","45107"
"Serra Negra","29229"
"Sertãozinho","125815"
"Sete Barras","12832"
"Silveiras","6302"
"Socorro","41005"
"Sorocaba","679378"
"Sud Mennucci","7718"
"Sumaré","282441"
"Suzano","297637"
"Tabatinga","16496"
"Taboão da Serra","289664"
"Taguaí","13859"
"Taiaçu","6295"
"Tanabi","25967"
"Tapiraí","7807"
"Tapiratiba","12960"
"Taquaritinga","57177"
"Taquarituba","23218"
"Taquarivaí","5852"
"Tarabai","7468"
"Tarumã","15000"
"Tatuí","121766"
"Taubaté","314924"
"Teodoro Sampaio","23148"
"Terra Roxa","9370"
"Tietê","42076"
"Timburi","2658"
"Torre de Pedra","2412"
"Torrinha","10010"
"Tuiuti","6894"
"Tupã","65524"
"Tupi Paulista","15495"
"Ubatuba","90799"
"Ubirajara","4780"
"Uchoa","10110"
"União Paulista","1844"
"Uru","1165"
"Valinhos","129193"
"Valparaíso","26480"
"Vargem","10537"
"Vargem Grande do Sul","42845"
"Vargem Grande Paulista","52597"
"Várzea Paulista","121838"
"Vinhedo","78728"
"Viradouro","18898"
"Vista Alegre do Alto","8810"
"Votorantim","122480"
"Votuporanga","94547"
"Chavantes","12418"
"Estiva Gerbi","11304"
"Abatiá","7457"
"Agudos do Sul","9371"
"Almirante Tamandaré","118623"
"Alto Paraná","14770"
"Alvorada do Sul","11406"
"Amaporã","6257"
"Ampére","19152"
"Apucarana","134996"
"Arapongas","123027"
"Araruna","13970"
"Araucária","143843"
"Assaí","15119"
"Assis Chateaubriand","33362"
"Balsa Nova","12941"
"Bandeirantes","31367"
"Barracão","10275"
"Boa Vista da Aparecida","7591"
"Cafeara","2934"
"Cambé","106533"
"Campina da Lagoa","14202"
"Campina Grande do Sul","43288"
"Campo Bonito","3833"
"Campo do Tenente","7971"
"Campo Largo","132002"
"Campo Magro","29318"
"Campo Mourão","94859"
"Cascavel","328454"
"Castro","71484"
"Centenário do Sul","10827"
"Céu Azul","11765"
"Chopinzinho","19254"
"Cianorte","82620"
"Colombo","243726"
"Colorado","24012"
"Contenda","18584"
"Cornélio Procópio","47845"
"Cruzeiro do Sul","4469"
"Curitiba","1933105"
"Dois Vizinhos","40641"
"Faxinal","17251"
"Fazenda Rio Grande","100209"
"Floresta","6774"
"Foz do Iguaçu","258532"
"Francisco Beltrão","91093"
"General Carneiro","13710"
"Goioerê","28884"
"Guaíra","33119"
"Guairaçá","6581"
"Guaraci","5502"
"Guaraniaçu","12472"
"Guarapuava","181504"
"Guaraqueçaba","7636"
"Guaratuba","37067"
"Ibaiti","31364"
"Ibema","6352"
"Ibiporã","54558"
"Imbaú","13111"
"Imbituva","32564"
"Inácio Martins","11125"
"Iretama","10169"
"Itaperuçu","28634"
"Itaúna do Sul","2865"
"Ivaí","13879"
"Ivaiporã","31984"
"Jacarezinho","39378"
"Jaguapitã","13620"
"Japurá","9425"
"Jataizinho","12588"
"Jussara","7013"
"Lapa","48163"
"Leópolis","3954"
"Loanda","23086"
"Londrina","569733"
"Mallet","13630"
"Mandaguaçu","22819"
"Mandaguari","34400"
"Mandirituba","26869"
"Manoel Ribas","13502"
"Marechal Cândido Rondon","52944"
"Marialva","35496"
"Marilândia do Sul","8836"
"Marilena","7076"
"Maringá","423666"
"Mariópolis","6610"
"Marumbi","4679"
"Matinhos","34720"
"Medianeira","46198"
"Mirador","2213"
"Morretes","16406"
"Nova Aliança do Ivaí","1543"
"Nova Esperança","27904"
"Nova Fátima","8153"
"Nova Londrina","13213"
"Paiçandu","41281"
"Palmas","50986"
"Palmeira","33877"
"Palotina","31846"
"Paraíso do Norte","13830"
"Paranacity","11472"
"Paranaguá","154936"
"Paranapoema","3203"
"Paranavaí","88374"
"Pato Branco","82881"
"Peabiru","13996"
"Pinhais","132157"
"Pinhal de São Bento","2731"
"Pinhão","32391"
"Piraquara","113036"
"Planaltina do Paraná","4263"
"Ponta Grossa","351736"
"Pontal do Paraná","27284"
"Prado Ferreira","3753"
"Primeiro de Maio","11123"
"Quatiguá","7449"
"Quatro Barras","23559"
"Querência do Norte","12206"
"Quitandinha","19049"
"Ramilândia","4451"
"Realeza","16922"
"Ribeirão do Pinhal","13029"
"Rio Branco do Sul","32397"
"Rio Negro","34170"
"Rolândia","66580"
"Santa Cruz de Monte Castelo","7800"
"Santa Fé","12037"
"Santa Isabel do Ivaí","8562"
"Santa Mariana","11724"
"Santa Mônica","3981"
"Santana do Itararé","4992"
"Santa Terezinha de Itaipu","23465"
"Santo Antônio do Caiuá","2641"
"Santo Inácio","5438"
"São João do Caiuá","5855"
"São João do Ivaí","10219"
"São José da Boa Vista","6206"
"São José dos Pinhais","323340"
"São Manoel do Paraná","2160"
"Sarandi","96688"
"Sertaneja","5284"
"Siqueira Campos","21016"
"Tamboara","5120"
"Telêmaco Borba","78974"
"Terra Boa","17094"
"Terra Rica","16789"
"Toledo","140635"
"Três Barras do Paraná","12040"
"Tuneiras do Oeste","8566"
"Tupãssi","8124"
"Umuarama","111557"
"União da Vitória","57517"
"Uraí","11314"
"Verê","7257"
"Vitorino","6838"
"Abelardo Luz","17904"
"Água Doce","7145"
"Águas de Chapecó","6486"
"Águas Mornas","6469"
"Alto Bela Vista","1937"
"Anita Garibaldi","7133"
"Antônio Carlos","8513"
"Arabutã","4267"
"Araquari","38129"
"Araranguá","68228"
"Armazém","8674"
"Arvoredo","2240"
"Aurora","5679"
"Balneário Arroio do Silva","13071"
"Balneário Camboriú","142295"
"Balneário Barra do Sul","10795"
"Balneário Gaivota","10979"
"Barra Velha","29168"
"Benedito Novo","11652"
"Biguaçu","68481"
"Blumenau","357199"
"Bombinhas","19769"
"Botuverá","5246"
"Braço do Norte","33450"
"Brusque","134723"
"Caçador","78595"
"Camboriú","82989"
"Campo Erê","8526"
"Canelinha","12240"
"Canoinhas","54401"
"Capivari de Baixo","24871"
"Catanduvas","10861"
"Caxambu do Sul","3642"
"Chapecó","220367"
"Cocal do Sul","16684"
"Concórdia","74641"
"Coronel Freitas","9981"
"Criciúma","215186"
"Cunha Porã","11086"
"Faxinal dos Guedes","10667"
"Florianópolis","500973"
"Forquilhinha","26793"
"Fraiburgo","36443"
"Garopaba","23078"
"Garuva","18145"
"Gaspar","69639"
"Governador Celso Ramos","14471"
"Grão Pará","6569"
"Gravatal","11501"
"Guabiruba","23832"
"Guaramirim","44819"
"Guatambú","4704"
"Herval d'Oeste","22606"
"Ibicaré","3202"
"Içara","56421"
"Ilhota","14184"
"Imbituba","44853"
"Indaial","69425"
"Ipira","4446"
"Ipumirim","7593"
"Irani","10419"
"Irati","1930"
"Itá","6169"
"Itaiópolis","21669"
"Itajaí","219536"
"Itapema","65312"
"Itapiranga","16872"
"Ituporanga","25086"
"Jaborá","3936"
"Jaguaruna","20024"
"Jaraguá do Sul","177697"
"Joaçaba","30118"
"Joinville","590466"
"Lages","157544"
"Laguna","45814"
"Lindóia do Sul","4563"
"Luiz Alves","12859"
"Mafra","56292"
"Maracajá","7293"
"Maravilha","25762"
"Massaranduba","16916"
"Meleiro","7015"
"Morro da Fumaça","17796"
"Navegantes","81475"
"Nova Erechim","5019"
"Nova Trento","14549"
"Nova Veneza","15166"
"Orleans","22912"
"Ouro","7295"
"Paial","1505"
"Palhoça","171797"
"Palma Sola","7423"
"Palmitos","16169"
"Papanduva","19320"
"Passo de Torres","8823"
"Paulo Lopes","7494"
"Pedras Grandes","3976"
"Penha","32531"
"Peritiba","2787"
"Pescaria Brava","10091"
"Balneário Piçarras","23147"
"Pinhalzinho","20313"
"Piratuba","3854"
"Planalto Alegre","2870"
"Pomerode","33447"
"Ponte Serrada","11593"
"Porto Belo","21388"
"Porto União","35398"
"Pouso Redondo","17453"
"Praia Grande","7319"
"Presidente Castello Branco","1568"
"Rancho Queimado","2878"
"Rio do Oeste","7489"
"Rio do Sul","71061"
"Rio Fortuna","4611"
"Rio Negrinho","42302"
"Rio Rufino","2483"
"Rodeio","11551"
"Salete","7642"
"Sangão","12678"
"Santa Cecília","16830"
"Santa Helena","2223"
"Santa Rosa do Sul","8358"
"Santo Amaro da Imperatriz","23245"
"São Bernardino","2336"
"São Bento do Sul","84507"
"São Carlos","11281"
"São Domingos","9445"
"São Francisco do Sul","52721"
"São João do Itaperiú","3733"
"São José","246586"
"São Lourenço do Oeste","24076"
"São Ludgero","13410"
"São Martinho","3180"
"São Miguel do Oeste","40482"
"Schroeder","21365"
"Seara","17541"
"Siderópolis","14007"
"Sombrio","30374"
"Taió","18395"
"Tangará","8676"
"Tigrinhos","1633"
"Tijucas","38407"
"Timbé do Sul","5348"
"Timbó","44238"
"Três Barras","19275"
"Treze de Maio","7081"
"Treze Tílias","7840"
"Trombudo Central","7360"
"Tubarão","105686"
"Tunápolis","4543"
"Turvo","12899"
"Urussanga","21268"
"Vargem Bonita","4492"
"Vidal Ramos","6338"
"Videira","53065"
"Xanxerê","50982"
"Xavantina","3933"
"Xaxim","28706"
"Zortéa","3363"
"Balneário Rincão","12760"
"Água Santa","3748"
"Ajuricaba","7024"
"Alegrete","73589"
"Alpestre","6258"
"Alvorada","210305"
"Ametista do Sul","7409"
"Anta Gorda","5981"
"Antônio Prado","13050"
"Arroio do Meio","20805"
"Arroio do Sal","10065"
"Arroio dos Ratos","14151"
"Arvorezinha","10424"
"Bagé","121143"
"Barros Cassal","11199"
"Bento Gonçalves","120454"
"Boa Vista do Sul","2783"
"Bom Jesus","11349"
"Bom Princípio","14055"
"Bom Retiro do Sul","12328"
"Butiá","20941"
"Caçapava do Sul","33624"
"Cachoeira do Sul","82201"
"Cachoeirinha","130293"
"Camaquã","66261"
"Campestre da Serra","3388"
"Campinas do Sul","5454"
"Campo Bom","66712"
"Candelária","31365"
"Candiota","9584"
"Canguçu","56045"
"Canoas","346616"
"Canudos do Vale","1716"
"Capão da Canoa","53049"
"Capão do Leão","25354"
"Carazinho","62110"
"Carlos Barbosa","29833"
"Caseiros","3202"
"Caxias do Sul","510906"
"Cerro Grande do Sul","12239"
"Chapada","9269"
"Charqueadas","40789"
"Cidreira","16254"
"Ciríaco","4747"
"Colinas","2438"
"Coronel Bicaco","7325"
"Coxilha","2756"
"Cruz Alta","60299"
"Cruzeiro do Sul","12348"
"Derrubadas","2805"
"Dois Irmãos","32671"
"Dom Feliciano","15414"
"Dom Pedrito","38461"
"Doutor Maurício Cardoso","4549"
"Doutor Ricardo","1983"
"Eldorado do Sul","41285"
"Encantado","22706"
"Encruzilhada do Sul","25877"
"Erechim","105862"
"Ernestina","3168"
"Espumoso","15588"
"Estação","5958"
"Estância Velha","50022"
"Esteio","83202"
"Estrela","34116"
"Eugênio de Castro","2396"
"Farroupilha","72331"
"Fazenda Vilanova","4533"
"Feliz","13547"
"Flores da Cunha","30745"
"Floriano Peixoto","1766"
"Frederico Westphalen","31313"
"Garibaldi","35070"
"General Câmara","8385"
"Getúlio Vargas","16212"
"Glorinha","8098"
"Gravataí","281519"
"Guaíba","98143"
"Harmonia","4866"
"Horizontina","19329"
"Ibirapuitã","4013"
"Ijuí","83475"
"Imbé","22800"
"Imigrante","3120"
"Itaqui","37620"
"Ivoti","24293"
"Jaguari","10848"
"Lagoa Vermelha","27807"
"Lajeado","84014"
"Machadinho","5445"
"Maratá","2691"
"Marau","44161"
"Marcelino Ramos","4402"
"Marques de Souza","4009"
"Mato Castelhano","2540"
"Minas do Leão","8075"
"Monte Belo do Sul","2548"
"Montenegro","65264"
"Mormaço","3085"
"Muçum","4954"
"Não-Me-Toque","17624"
"Nicolau Vergueiro","1682"
"Nonoai","11695"
"Nova Araçá","4759"
"Nova Bréscia","3330"
"Nova Palma","6512"
"Nova Prata","27257"
"Novo Hamburgo","246748"
"Osório","45994"
"Paim Filho","3828"
"Palmeira das Missões","33303"
"Paraí","7657"
"Paraíso do Sul","7611"
"Pareci Novo","3837"
"Passo Fundo","203275"
"Paverama","8487"
"Pelotas","342405"
"Pinto Bandeira","3003"
"Piratini","20663"
"Planalto","10084"
"Poço das Antas","2098"
"Pontão","3904"
"Porto Alegre","1483771"
"Pouso Novo","1639"
"Quaraí","22687"
"Rio Grande","211005"
"Rio Pardo","38275"
"Roca Sales","11393"
"Rolante","21349"
"Rosário do Sul","39422"
"Saldanha Marinho","2650"
"Salvador do Sul","7799"
"Sananduva","16270"
"Santa Bárbara do Sul","7994"
"Santa Clara do Sul","6603"
"Santa Cruz do Sul","130416"
"Santa Maria","282123"
"Sant'Ana do Livramento","77027"
"Santa Rosa","73254"
"Santa Tereza","1729"
"Santiago","49425"
"Santo Ângelo","77593"
"Santo Antônio da Patrulha","42894"
"Santo Cristo","14257"
"São Domingos do Sul","3074"
"São Gabriel","62105"
"São Jorge","2824"
"São José das Missões","2537"
"São Leopoldo","236835"
"São Lourenço do Sul","43582"
"São Luiz Gonzaga","33468"
"São Marcos","21556"
"São Sebastião do Caí","25685"
"São Valentim do Sul","2242"
"São Valério do Sul","2727"
"Sapiranga","81734"
"Sapucaia do Sul","141075"
"Sarandi","24489"
"Serafina Corrêa","17502"
"Sério","1962"
"Sertão","5415"
"Soledade","31002"
"Tabaí","4719"
"Tapejara","24111"
"Taquara","57466"
"Taquari","26862"
"Terra de Areia","11204"
"Teutônia","33232"
"Tio Hugo","3030"
"Torres","38732"
"Tramandaí","51715"
"Três Arroios","2668"
"Três Cachoeiras","11053"
"Três Forquilhas","2697"
"Três Palmeiras","4271"
"Três Passos","23906"
"Trindade do Sul","5802"
"Triunfo","29538"
"Tucunduva","5678"
"Tunas","4569"
"Tupandi","4855"
"Uruguaiana","126970"
"Vacaria","66218"
"Vanini","2113"
"Venâncio Aires","71554"
"Veranópolis","26241"
"Viamão","255224"
"Victor Graeff","2882"
"Vila Flores","3385"
"Vila Lângaro","2091"
"Vila Maria","4358"
"Vista Alegre do Prata","1561"
"Westfália","3014"
"Xangri-lá","16408"
